ipo_name,date,text
Vedant Fashions,16-02-22,"IPO Name: Vedant Fashions
Date Opened: 16-02-22
Issue Size (crores): 
Offer Price: 
List Price: 
Listing Gain: 
QIB subscription: 7.49
HNI subscription: 1.07
RII subscription: 0.39
CMP (BSE): 
Current Gains: "
Adani Wilmar,08-02-22,"IPO Name: Adani Wilmar
Date Opened: 08-02-22
Issue Size (crores): 
Offer Price: 
List Price: 
Listing Gain: 
QIB subscription: 5.73
HNI subscription: 56.3
RII subscription: 3.92
CMP (BSE): 
Current Gains: "
AGS Transact,31-01-22,"IPO Name: AGS Transact
Date Opened: 31-01-22
Issue Size (crores): 
Offer Price: 
List Price: 
Listing Gain: 
QIB subscription: 2.68
HNI subscription: 25.61
RII subscription: 3.08
CMP (BSE): 
Current Gains: "
CMS Info System,31-12-21,"IPO Name: CMS Info System
Date Opened: 31-12-21
Issue Size (crores): 
Offer Price: 
List Price: 
Listing Gain: 
QIB subscription: 1.98
HNI subscription: 1.45
RII subscription: 2.15
CMP (BSE): 
Current Gains: "
Supriya Lifesci,28-12-21,"IPO Name: Supriya Lifesci
Date Opened: 28-12-21
Issue Size (crores): 
Offer Price: 
List Price: 
Listing Gain: 
QIB subscription: 31.83
HNI subscription: 161.22
RII subscription: 56.01
CMP (BSE): 
Current Gains: "
HP Adhesives,27-12-21,"IPO Name: HP Adhesives
Date Opened: 27-12-21
Issue Size (crores): 
Offer Price: 
List Price: 
Listing Gain: 
QIB subscription: 1.82
HNI subscription: 19.04
RII subscription: 81.24
CMP (BSE): 
Current Gains: "
Data Patterns,24-12-21,"IPO Name: Data Patterns
Date Opened: 24-12-21
Issue Size (crores): 
Offer Price: 
List Price: 
Listing Gain: 
QIB subscription: 190.86
HNI subscription: 254.22
RII subscription: 23.14
CMP (BSE): 
Current Gains: "
Metro Brands,22-12-21,"IPO Name: Metro Brands
Date Opened: 22-12-21
Issue Size (crores): 
Offer Price: 
List Price: 
Listing Gain: 
QIB subscription: 8.49
HNI subscription: 3.02
RII subscription: 1.13
CMP (BSE): 
Current Gains: "
C. E. Info Syst,21-12-21,"IPO Name: C. E. Info Syst
Date Opened: 21-12-21
Issue Size (crores): 
Offer Price: 
List Price: 
Listing Gain: 
QIB subscription: 196.36
HNI subscription: 424.69
RII subscription: 15.2
CMP (BSE): 
Current Gains: "
Shriram Prop,20-12-21,"IPO Name: Shriram Prop
Date Opened: 20-12-21
Issue Size (crores): 
Offer Price: 
List Price: 
Listing Gain: 
QIB subscription: 1.85
HNI subscription: 4.82
RII subscription: 12.72
CMP (BSE): 
Current Gains: "
Rategain Travel,17-12-21,"IPO Name: Rategain Travel
Date Opened: 17-12-21
Issue Size (crores): 
Offer Price: 
List Price: 
Listing Gain: 
QIB subscription: 8.42
HNI subscription: 42.04
RII subscription: 8.08
CMP (BSE): 
Current Gains: "
Anand Rathi,14-12-21,"IPO Name: Anand Rathi
Date Opened: 14-12-21
Issue Size (crores): 
Offer Price: 
List Price: 
Listing Gain: 
QIB subscription: 2.5
HNI subscription: 25.42
RII subscription: 7.76
CMP (BSE): 
Current Gains: "
Tega Industries,13-12-21,"IPO Name: Tega Industries
Date Opened: 13-12-21
Issue Size (crores): 
Offer Price: 
List Price: 
Listing Gain: 
QIB subscription: 215.45
HNI subscription: 666.19
RII subscription: 29.44
CMP (BSE): 
Current Gains: "
Star Health,10-12-21,"IPO Name: Star Health
Date Opened: 10-12-21
Issue Size (crores): 
Offer Price: 
List Price: 
Listing Gain: 
QIB subscription: 1.03
HNI subscription: 0.19
RII subscription: 1.1
CMP (BSE): 
Current Gains: "
Tarsons Product,26-11-21,"IPO Name: Tarsons Product
Date Opened: 26-11-21
Issue Size (crores): 
Offer Price: 
List Price: 
Listing Gain: 
QIB subscription: 1.06
HNI subscription: 3.4
RII subscription: 2.49
CMP (BSE): 
Current Gains: "
Latent View,23-11-21,"IPO Name: Latent View
Date Opened: 23-11-21
Issue Size (crores): 
Offer Price: 
List Price: 
Listing Gain: 
QIB subscription: 145.48
HNI subscription: 850.66
RII subscription: 119.44
CMP (BSE): 
Current Gains: "
Sapphire Foods,18-11-21,"IPO Name: Sapphire Foods
Date Opened: 18-11-21
Issue Size (crores): 
Offer Price: 
List Price: 
Listing Gain: 
QIB subscription: 3.11
HNI subscription: 2.34
RII subscription: 5.25
CMP (BSE): 
Current Gains: "
One 97 Paytm,18-11-21,"IPO Name: One 97 Paytm
Date Opened: 18-11-21
Issue Size (crores): 
Offer Price: 
List Price: 
Listing Gain: 
QIB subscription: 2.79
HNI subscription: 0.24
RII subscription: 1.66
CMP (BSE): 
Current Gains: "
PB Fintech,15-11-21,"IPO Name: PB Fintech
Date Opened: 15-11-21
Issue Size (crores): 
Offer Price: 
List Price: 
Listing Gain: 
QIB subscription: 9.83
HNI subscription: 2.58
RII subscription: 1.67
CMP (BSE): 
Current Gains: "
SJS Enterprises,15-11-21,"IPO Name: SJS Enterprises
Date Opened: 15-11-21
Issue Size (crores): 
Offer Price: 
List Price: 
Listing Gain: 
QIB subscription: 1.42
HNI subscription: 2.32
RII subscription: 1.38
CMP (BSE): 
Current Gains: "
Sigachi Ind,15-11-21,"IPO Name: Sigachi Ind
Date Opened: 15-11-21
Issue Size (crores): 
Offer Price: 
List Price: 
Listing Gain: 
QIB subscription: 42.15
HNI subscription: 78.82
RII subscription: 41.26
CMP (BSE): 
Current Gains: "
Fino Payments,12-11-21,"IPO Name: Fino Payments
Date Opened: 12-11-21
Issue Size (crores): 
Offer Price: 
List Price: 
Listing Gain: 
QIB subscription: 1.65
HNI subscription: 0.21
RII subscription: 5.92
CMP (BSE): 
Current Gains: "
FSN E-Co Nykaa,10-11-21,"IPO Name: FSN E-Co Nykaa
Date Opened: 10-11-21
Issue Size (crores): 
Offer Price: 
List Price: 
Listing Gain: 
QIB subscription: 91.18
HNI subscription: 112.02
RII subscription: 12.24
CMP (BSE): 
Current Gains: "
ABSL AMC,11-10-21,"IPO Name: ABSL AMC
Date Opened: 11-10-21
Issue Size (crores): 
Offer Price: 
List Price: 
Listing Gain: 
QIB subscription: 4.1
HNI subscription: 2.6
RII subscription: 1.68
CMP (BSE): 
Current Gains: "
Paras Defence,01-10-21,"IPO Name: Paras Defence
Date Opened: 01-10-21
Issue Size (crores): 
Offer Price: 
List Price: 
Listing Gain: 
QIB subscription: 90.48
HNI subscription: 435.14
RII subscription: 61.42
CMP (BSE): 
Current Gains: "
Sansera Eng,24-09-21,"IPO Name: Sansera Eng
Date Opened: 24-09-21
Issue Size (crores): 
Offer Price: 
List Price: 
Listing Gain: 
QIB subscription: 26.47
HNI subscription: 11.37
RII subscription: 3.15
CMP (BSE): 
Current Gains: "
Vijaya Diagnost,14-09-21,"IPO Name: Vijaya Diagnost
Date Opened: 14-09-21
Issue Size (crores): 
Offer Price: 
List Price: 
Listing Gain: 
QIB subscription: 13.07
HNI subscription: 1.32
RII subscription: 1.09
CMP (BSE): 
Current Gains: "
AMI Organics,14-09-21,"IPO Name: AMI Organics
Date Opened: 14-09-21
Issue Size (crores): 
Offer Price: 
List Price: 
Listing Gain: 
QIB subscription: 86.64
HNI subscription: 154.81
RII subscription: 13.36
CMP (BSE): 
Current Gains: "
APTUS VALUE,06-09-21,"IPO Name: APTUS VALUE
Date Opened: 06-09-21
Issue Size (crores): 
Offer Price: 
List Price: 
Listing Gain: 
QIB subscription: 32.41
HNI subscription: 33.91
RII subscription: 1.35
CMP (BSE): 
Current Gains: "
CHEMPLAST SANMA,24-08-21,"IPO Name: CHEMPLAST SANMA
Date Opened: 24-08-21
Issue Size (crores): 
Offer Price: 
List Price: 
Listing Gain: 
QIB subscription: 2.7
HNI subscription: 1.03
RII subscription: 2.29
CMP (BSE): 
Current Gains: "
Nuvoco Vistas,23-08-21,"IPO Name: Nuvoco Vistas
Date Opened: 23-08-21
Issue Size (crores): 
Offer Price: 
List Price: 
Listing Gain: 
QIB subscription: 0.1
HNI subscription: 0.02
RII subscription: 0.24
CMP (BSE): 
Current Gains: "
CarTrade Tech,20-08-21,"IPO Name: CarTrade Tech
Date Opened: 20-08-21
Issue Size (crores): 
Offer Price: 
List Price: 
Listing Gain: 
QIB subscription: 0.55
HNI subscription: 0.09
RII subscription: 0.81
CMP (BSE): 
Current Gains: "
Windlas Biotech,16-08-21,"IPO Name: Windlas Biotech
Date Opened: 16-08-21
Issue Size (crores): 
Offer Price: 
List Price: 
Listing Gain: 
QIB subscription: 24.4
HNI subscription: 15.73
RII subscription: 24.27
CMP (BSE): 
Current Gains: "
Devyani Int,16-08-21,"IPO Name: Devyani Int
Date Opened: 16-08-21
Issue Size (crores): 
Offer Price: 
List Price: 
Listing Gain: 
QIB subscription: 95.27
HNI subscription: 213.06
RII subscription: 39.52
CMP (BSE): 
Current Gains: "
Exxaro Tiles,16-08-21,"IPO Name: Exxaro Tiles
Date Opened: 16-08-21
Issue Size (crores): 
Offer Price: 
List Price: 
Listing Gain: 
QIB subscription: 17.67
HNI subscription: 5.36
RII subscription: 40.1
CMP (BSE): 
Current Gains: "
Krsnaa Diagnost,16-08-21,"IPO Name: Krsnaa Diagnost
Date Opened: 16-08-21
Issue Size (crores): 
Offer Price: 
List Price: 
Listing Gain: 
QIB subscription: 49.83
HNI subscription: 116.3
RII subscription: 42.04
CMP (BSE): 
Current Gains: "
Rolex Rings,09-08-21,"IPO Name: Rolex Rings
Date Opened: 09-08-21
Issue Size (crores): 
Offer Price: 
List Price: 
Listing Gain: 
QIB subscription: 143.58
HNI subscription: 360.11
RII subscription: 24.49
CMP (BSE): 
Current Gains: "
Glenmark Life,06-08-21,"IPO Name: Glenmark Life
Date Opened: 06-08-21
Issue Size (crores): 
Offer Price: 
List Price: 
Listing Gain: 
QIB subscription: 0.98
HNI subscription: 0.87
RII subscription: 4.61
CMP (BSE): 
Current Gains: "
Tatva Chintan,29-07-21,"IPO Name: Tatva Chintan
Date Opened: 29-07-21
Issue Size (crores): 
Offer Price: 
List Price: 
Listing Gain: 
QIB subscription: 2.55
HNI subscription: 9.78
RII subscription: 13.36
CMP (BSE): 
Current Gains: "
Zomato,23-07-21,"IPO Name: Zomato
Date Opened: 23-07-21
Issue Size (crores): 
Offer Price: 
List Price: 
Listing Gain: 
QIB subscription: 51.79
HNI subscription: 32.96
RII subscription: 7.45
CMP (BSE): 
Current Gains: "
G R Infra,19-07-21,"IPO Name: G R Infra
Date Opened: 19-07-21
Issue Size (crores): 
Offer Price: 
List Price: 
Listing Gain: 
QIB subscription: 93.18
HNI subscription: 73.01
RII subscription: 4.89
CMP (BSE): 
Current Gains: "
Clean Science,19-07-21,"IPO Name: Clean Science
Date Opened: 19-07-21
Issue Size (crores): 
Offer Price: 
List Price: 
Listing Gain: 
QIB subscription: 156.37
HNI subscription: 206.43
RII subscription: 9.0
CMP (BSE): 
Current Gains: "
India Pesticide,07-07-21,"IPO Name: India Pesticide
Date Opened: 07-07-21
Issue Size (crores): 
Offer Price: 
List Price: 
Listing Gain: 
QIB subscription: 2.64
HNI subscription: 1.36
RII subscription: 4.4
CMP (BSE): 
Current Gains: "
Krishna Inst.,05-07-21,"IPO Name: Krishna Inst.
Date Opened: 05-07-21
Issue Size (crores): 
Offer Price: 
List Price: 
Listing Gain: 
QIB subscription: 5.26
HNI subscription: 1.89
RII subscription: 2.9
CMP (BSE): 
Current Gains: "
Dodla Dairy,28-06-21,"IPO Name: Dodla Dairy
Date Opened: 28-06-21
Issue Size (crores): 
Offer Price: 
List Price: 
Listing Gain: 
QIB subscription: 84.88
HNI subscription: 73.26
RII subscription: 11.34
CMP (BSE): 
Current Gains: "
Shyam Metalics,24-06-21,"IPO Name: Shyam Metalics
Date Opened: 24-06-21
Issue Size (crores): 
Offer Price: 
List Price: 
Listing Gain: 
QIB subscription: 62.18
HNI subscription: 172.51
RII subscription: 5.29
CMP (BSE): 
Current Gains: "
Sona BLW,24-06-21,"IPO Name: Sona BLW
Date Opened: 24-06-21
Issue Size (crores): 
Offer Price: 
List Price: 
Listing Gain: 
QIB subscription: 1.57
HNI subscription: 0.22
RII subscription: 0.66
CMP (BSE): 
Current Gains: "
PowerGrid InvIT,14-05-21,"IPO Name: PowerGrid InvIT
Date Opened: 14-05-21
Issue Size (crores): 
Offer Price: 
List Price: 
Listing Gain: 
QIB subscription: 0.0
HNI subscription: 0.0
RII subscription: 0.0
CMP (BSE): 
Current Gains: "
Macrotech Dev,19-04-21,"IPO Name: Macrotech Dev
Date Opened: 19-04-21
Issue Size (crores): 
Offer Price: 
List Price: 
Listing Gain: 
QIB subscription: 3.05
HNI subscription: 1.44
RII subscription: 0.4
CMP (BSE): 
Current Gains: "
Barbeque Nat,07-04-21,"IPO Name: Barbeque Nat
Date Opened: 07-04-21
Issue Size (crores): 
Offer Price: 
List Price: 
Listing Gain: 
QIB subscription: 0.0
HNI subscription: 0.0
RII subscription: 0.0
CMP (BSE): 
Current Gains: "
Nazara,30-03-21,"IPO Name: Nazara
Date Opened: 30-03-21
Issue Size (crores): 
Offer Price: 
List Price: 
Listing Gain: 
QIB subscription: 52.82
HNI subscription: 148.42
RII subscription: 34.49
CMP (BSE): 
Current Gains: "
Suryoday Small,26-03-21,"IPO Name: Suryoday Small
Date Opened: 26-03-21
Issue Size (crores): 
Offer Price: 
List Price: 
Listing Gain: 
QIB subscription: 2.18
HNI subscription: 1.31
RII subscription: 3.09
CMP (BSE): 
Current Gains: "
Kalyan Jeweller,26-03-21,"IPO Name: Kalyan Jeweller
Date Opened: 26-03-21
Issue Size (crores): 
Offer Price: 
List Price: 
Listing Gain: 
QIB subscription: 1.18
HNI subscription: 0.97
RII subscription: 1.47
CMP (BSE): 
Current Gains: "
Laxmi Organic,25-03-21,"IPO Name: Laxmi Organic
Date Opened: 25-03-21
Issue Size (crores): 
Offer Price: 
List Price: 
Listing Gain: 
QIB subscription: 1.13
HNI subscription: 0.73
RII subscription: 4.41
CMP (BSE): 
Current Gains: "
Craftsman,25-03-21,"IPO Name: Craftsman
Date Opened: 25-03-21
Issue Size (crores): 
Offer Price: 
List Price: 
Listing Gain: 
QIB subscription: 0.56
HNI subscription: 0.05
RII subscription: 1.04
CMP (BSE): 
Current Gains: "
Anupam Rasayan,24-03-21,"IPO Name: Anupam Rasayan
Date Opened: 24-03-21
Issue Size (crores): 
Offer Price: 
List Price: 
Listing Gain: 
QIB subscription: 30.8
HNI subscription: 62.06
RII subscription: 4.62
CMP (BSE): 
Current Gains: "
Easy Trip,19-03-21,"IPO Name: Easy Trip
Date Opened: 19-03-21
Issue Size (crores): 
Offer Price: 
List Price: 
Listing Gain: 
QIB subscription: 0.0
HNI subscription: 2.79
RII subscription: 14.48
CMP (BSE): 
Current Gains: "
MTAR Tech,15-03-21,"IPO Name: MTAR Tech
Date Opened: 15-03-21
Issue Size (crores): 
Offer Price: 
List Price: 
Listing Gain: 
QIB subscription: 52.01
HNI subscription: 522.35
RII subscription: 12.78
CMP (BSE): 
Current Gains: "
Heranba,05-03-21,"IPO Name: Heranba
Date Opened: 05-03-21
Issue Size (crores): 
Offer Price: 
List Price: 
Listing Gain: 
QIB subscription: 25.98
HNI subscription: 108.72
RII subscription: 4.82
CMP (BSE): 
Current Gains: "
Railtel,26-02-21,"IPO Name: Railtel
Date Opened: 26-02-21
Issue Size (crores): 
Offer Price: 
List Price: 
Listing Gain: 
QIB subscription: 22.03
HNI subscription: 51.4
RII subscription: 7.08
CMP (BSE): 
Current Gains: "
Nureca,25-02-21,"IPO Name: Nureca
Date Opened: 25-02-21
Issue Size (crores): 
Offer Price: 
List Price: 
Listing Gain: 
QIB subscription: 0.24
HNI subscription: 17.1
RII subscription: 74.29
CMP (BSE): 
Current Gains: "
Stove Kraft,05-02-21,"IPO Name: Stove Kraft
Date Opened: 05-02-21
Issue Size (crores): 
Offer Price: 
List Price: 
Listing Gain: 
QIB subscription: 8.02
HNI subscription: 32.72
RII subscription: 26.04
CMP (BSE): 
Current Gains: "
Home First,03-02-21,"IPO Name: Home First
Date Opened: 03-02-21
Issue Size (crores): 
Offer Price: 
List Price: 
Listing Gain: 
QIB subscription: 52.53
HNI subscription: 39.0
RII subscription: 6.59
CMP (BSE): 
Current Gains: "
Indigo Paints,02-02-21,"IPO Name: Indigo Paints
Date Opened: 02-02-21
Issue Size (crores): 
Offer Price: 
List Price: 
Listing Gain: 
QIB subscription: 96.21
HNI subscription: 115.76
RII subscription: 6.5
CMP (BSE): 
Current Gains: "
IRFC,29-01-21,"IPO Name: IRFC
Date Opened: 29-01-21
Issue Size (crores): 
Offer Price: 
List Price: 
Listing Gain: 
QIB subscription: 0.89
HNI subscription: 0.52
RII subscription: 1.59
CMP (BSE): 
Current Gains: "
Antony Waste,01-01-21,"IPO Name: Antony Waste
Date Opened: 01-01-21
Issue Size (crores): 
Offer Price: 
List Price: 
Listing Gain: 
QIB subscription: 0.64
HNI subscription: 0.28
RII subscription: 7.22
CMP (BSE): 
Current Gains: "
Bectors Food,24-12-20,"IPO Name: Bectors Food
Date Opened: 24-12-20
Issue Size (crores): 
Offer Price: 
List Price: 
Listing Gain: 
QIB subscription: 176.85
HNI subscription: 620.86
RII subscription: 29.33
CMP (BSE): 
Current Gains: "
Restaurant Bran,14-12-20,"IPO Name: Restaurant Bran
Date Opened: 14-12-20
Issue Size (crores): 
Offer Price: 
List Price: 
Listing Gain: 
QIB subscription: 86.64
HNI subscription: 354.11
RII subscription: 68.15
CMP (BSE): 
Current Gains: "
Gland,20-11-20,"IPO Name: Gland
Date Opened: 20-11-20
Issue Size (crores): 
Offer Price: 
List Price: 
Listing Gain: 
QIB subscription: 6.4
HNI subscription: 0.51
RII subscription: 0.24
CMP (BSE): 
Current Gains: "
Equitas Bank,02-11-20,"IPO Name: Equitas Bank
Date Opened: 02-11-20
Issue Size (crores): 
Offer Price: 
List Price: 
Listing Gain: 
QIB subscription: 3.91
HNI subscription: 0.22
RII subscription: 2.08
CMP (BSE): 
Current Gains: "
UTI AMC,12-10-20,"IPO Name: UTI AMC
Date Opened: 12-10-20
Issue Size (crores): 
Offer Price: 
List Price: 
Listing Gain: 
QIB subscription: 3.34
HNI subscription: 0.93
RII subscription: 2.32
CMP (BSE): 
Current Gains: "
Mazagon Dock,12-10-20,"IPO Name: Mazagon Dock
Date Opened: 12-10-20
Issue Size (crores): 
Offer Price: 
List Price: 
Listing Gain: 
QIB subscription: 89.71
HNI subscription: 678.88
RII subscription: 35.63
CMP (BSE): 
Current Gains: "
Angel One,05-10-20,"IPO Name: Angel One
Date Opened: 05-10-20
Issue Size (crores): 
Offer Price: 
List Price: 
Listing Gain: 
QIB subscription: 5.74
HNI subscription: 0.69
RII subscription: 4.31
CMP (BSE): 
Current Gains: "
CAMS,01-10-20,"IPO Name: CAMS
Date Opened: 01-10-20
Issue Size (crores): 
Offer Price: 
List Price: 
Listing Gain: 
QIB subscription: 73.18
HNI subscription: 111.85
RII subscription: 5.55
CMP (BSE): 
Current Gains: "
Chemcon Special,01-10-20,"IPO Name: Chemcon Special
Date Opened: 01-10-20
Issue Size (crores): 
Offer Price: 
List Price: 
Listing Gain: 
QIB subscription: 113.54
HNI subscription: 449.14
RII subscription: 41.21
CMP (BSE): 
Current Gains: "
Route,21-09-20,"IPO Name: Route
Date Opened: 21-09-20
Issue Size (crores): 
Offer Price: 
List Price: 
Listing Gain: 
QIB subscription: 89.76
HNI subscription: 192.81
RII subscription: 12.67
CMP (BSE): 
Current Gains: "
Happiest Minds ,17-09-20,"IPO Name: Happiest Minds 
Date Opened: 17-09-20
Issue Size (crores): 
Offer Price: 
List Price: 
Listing Gain: 
QIB subscription: 77.43
HNI subscription: 351.46
RII subscription: 70.94
CMP (BSE): 
Current Gains: "
Rossari,23-07-20,"IPO Name: Rossari
Date Opened: 23-07-20
Issue Size (crores): 
Offer Price: 
List Price: 
Listing Gain: 
QIB subscription: 2.75
HNI subscription: 4.34
RII subscription: 2.51
CMP (BSE): 
Current Gains: "
SBI Card,16-03-20,"IPO Name: SBI Card
Date Opened: 16-03-20
Issue Size (crores): 
Offer Price: 
List Price: 
Listing Gain: 
QIB subscription: 57.18
HNI subscription: 45.23
RII subscription: 2.5
CMP (BSE): 
Current Gains: "
Prince Pipes,30-12-19,"IPO Name: Prince Pipes
Date Opened: 30-12-19
Issue Size (crores): 
Offer Price: 
List Price: 
Listing Gain: 
QIB subscription: 3.54
HNI subscription: 1.21
RII subscription: 1.89
CMP (BSE): 
Current Gains: "
Ujjivan Small,12-12-19,"IPO Name: Ujjivan Small
Date Opened: 12-12-19
Issue Size (crores): 
Offer Price: 
List Price: 
Listing Gain: 
QIB subscription: 110.72
HNI subscription: 473.0
RII subscription: 49.09
CMP (BSE): 
Current Gains: "
CSB Bank,04-12-19,"IPO Name: CSB Bank
Date Opened: 04-12-19
Issue Size (crores): 
Offer Price: 
List Price: 
Listing Gain: 
QIB subscription: 38.85
HNI subscription: 45.49
RII subscription: 9.01
CMP (BSE): 
Current Gains: "
IRCTC,14-10-19,"IPO Name: IRCTC
Date Opened: 14-10-19
Issue Size (crores): 
Offer Price: 
List Price: 
Listing Gain: 
QIB subscription: 108.79
HNI subscription: 354.52
RII subscription: 14.94
CMP (BSE): 
Current Gains: "
Sterling Wilson,20-08-19,"IPO Name: Sterling Wilson
Date Opened: 20-08-19
Issue Size (crores): 
Offer Price: 
List Price: 
Listing Gain: 
QIB subscription: 1.02
HNI subscription: 0.89
RII subscription: 0.3
CMP (BSE): 
Current Gains: "
Indiamart Inter,04-07-19,"IPO Name: Indiamart Inter
Date Opened: 04-07-19
Issue Size (crores): 
Offer Price: 
List Price: 
Listing Gain: 
QIB subscription: 30.83
HNI subscription: 62.13
RII subscription: 14.07
CMP (BSE): 
Current Gains: "
Neogen,08-05-19,"IPO Name: Neogen
Date Opened: 08-05-19
Issue Size (crores): 
Offer Price: 
List Price: 
Listing Gain: 
QIB subscription: 30.49
HNI subscription: 113.88
RII subscription: 16.06
CMP (BSE): 
Current Gains: "
Metropolis,15-04-19,"IPO Name: Metropolis
Date Opened: 15-04-19
Issue Size (crores): 
Offer Price: 
List Price: 
Listing Gain: 
QIB subscription: 8.88
HNI subscription: 3.03
RII subscription: 2.21
CMP (BSE): 
Current Gains: "
Rail Vikas,11-04-19,"IPO Name: Rail Vikas
Date Opened: 11-04-19
Issue Size (crores): 
Offer Price: 
List Price: 
Listing Gain: 
QIB subscription: 1.36
HNI subscription: 0.8
RII subscription: 2.92
CMP (BSE): 
Current Gains: "
Embassy Office,01-04-19,"IPO Name: Embassy Office
Date Opened: 01-04-19
Issue Size (crores): 
Offer Price: 
List Price: 
Listing Gain: 
QIB subscription: 2.15
HNI subscription: 3.09
RII subscription: 0.31
CMP (BSE): 
Current Gains: "
MSTC,29-03-19,"IPO Name: MSTC
Date Opened: 29-03-19
Issue Size (crores): 
Offer Price: 
List Price: 
Listing Gain: 
QIB subscription: 1.13
HNI subscription: 2.15
RII subscription: 2.95
CMP (BSE): 
Current Gains: "
Chalet Hotels,07-02-19,"IPO Name: Chalet Hotels
Date Opened: 07-02-19
Issue Size (crores): 
Offer Price: 
List Price: 
Listing Gain: 
QIB subscription: 4.66
HNI subscription: 1.1
RII subscription: 0.03
CMP (BSE): 
Current Gains: "
Xelpmoc Design ,04-02-19,"IPO Name: Xelpmoc Design 
Date Opened: 04-02-19
Issue Size (crores): 
Offer Price: 
List Price: 
Listing Gain: 
QIB subscription: 1.24
HNI subscription: 7.69
RII subscription: 2.64
CMP (BSE): 
Current Gains: "
AAVAS Financier,08-10-18,"IPO Name: AAVAS Financier
Date Opened: 08-10-18
Issue Size (crores): 
Offer Price: 
List Price: 
Listing Gain: 
QIB subscription: 2.77
HNI subscription: 0.26
RII subscription: 0.25
CMP (BSE): 
Current Gains: "
CreditAccess Gr,23-08-18,"IPO Name: CreditAccess Gr
Date Opened: 23-08-18
Issue Size (crores): 
Offer Price: 
List Price: 
Listing Gain: 
QIB subscription: 5.52
HNI subscription: 0.98
RII subscription: 0.88
CMP (BSE): 
Current Gains: "
TCNS Clothing C,30-07-18,"IPO Name: TCNS Clothing C
Date Opened: 30-07-18
Issue Size (crores): 
Offer Price: 
List Price: 
Listing Gain: 
QIB subscription: 13.47
HNI subscription: 5.08
RII subscription: 0.67
CMP (BSE): 
Current Gains: "
RITES,02-07-18,"IPO Name: RITES
Date Opened: 02-07-18
Issue Size (crores): 
Offer Price: 
List Price: 
Listing Gain: 
QIB subscription: 71.72
HNI subscription: 194.56
RII subscription: 15.74
CMP (BSE): 
Current Gains: "
Fine Organics,02-07-18,"IPO Name: Fine Organics
Date Opened: 02-07-18
Issue Size (crores): 
Offer Price: 
List Price: 
Listing Gain: 
QIB subscription: 12.86
HNI subscription: 21.01
RII subscription: 1.62
CMP (BSE): 
Current Gains: "
Indostar Capita,21-05-18,"IPO Name: Indostar Capita
Date Opened: 21-05-18
Issue Size (crores): 
Offer Price: 
List Price: 
Listing Gain: 
QIB subscription: 16.08
HNI subscription: 6.91
RII subscription: 1.48
CMP (BSE): 
Current Gains: "
ICICI Securitie,05-04-18,"IPO Name: ICICI Securitie
Date Opened: 05-04-18
Issue Size (crores): 
Offer Price: 
List Price: 
Listing Gain: 
QIB subscription: 0.54
HNI subscription: 0.05
RII subscription: 0.39
CMP (BSE): 
Current Gains: "
Mishra Dhatu Ni,04-04-18,"IPO Name: Mishra Dhatu Ni
Date Opened: 04-04-18
Issue Size (crores): 
Offer Price: 
List Price: 
Listing Gain: 
QIB subscription: 1.96
HNI subscription: 0.12
RII subscription: 0.72
CMP (BSE): 
Current Gains: "
Hindustan Aeron,28-03-18,"IPO Name: Hindustan Aeron
Date Opened: 28-03-18
Issue Size (crores): 
Offer Price: 
List Price: 
Listing Gain: 
QIB subscription: 1.73
HNI subscription: 0.03
RII subscription: 0.39
CMP (BSE): 
Current Gains: "
Bandhan Bank,27-03-18,"IPO Name: Bandhan Bank
Date Opened: 27-03-18
Issue Size (crores): 
Offer Price: 
List Price: 
Listing Gain: 
QIB subscription: 38.67
HNI subscription: 13.89
RII subscription: 1.2
CMP (BSE): 
Current Gains: "
Bharat Dynamics,23-03-18,"IPO Name: Bharat Dynamics
Date Opened: 23-03-18
Issue Size (crores): 
Offer Price: 
List Price: 
Listing Gain: 
QIB subscription: 1.5
HNI subscription: 0.5
RII subscription: 1.41
CMP (BSE): 
Current Gains: "
HG Infra Engg,09-03-18,"IPO Name: HG Infra Engg
Date Opened: 09-03-18
Issue Size (crores): 
Offer Price: 
List Price: 
Listing Gain: 
QIB subscription: 8.37
HNI subscription: 4.97
RII subscription: 3.08
CMP (BSE): 
Current Gains: "
Aster DM Health,26-02-18,"IPO Name: Aster DM Health
Date Opened: 26-02-18
Issue Size (crores): 
Offer Price: 
List Price: 
Listing Gain: 
QIB subscription: 2.1
HNI subscription: 0.55
RII subscription: 1.18
CMP (BSE): 
Current Gains: "
Galaxy Surfacta,08-02-18,"IPO Name: Galaxy Surfacta
Date Opened: 08-02-18
Issue Size (crores): 
Offer Price: 
List Price: 
Listing Gain: 
QIB subscription: 54.67
HNI subscription: 6.96
RII subscription: 6.0
CMP (BSE): 
Current Gains: "
Amber Enterpris,30-01-18,"IPO Name: Amber Enterpris
Date Opened: 30-01-18
Issue Size (crores): 
Offer Price: 
List Price: 
Listing Gain: 
QIB subscription: 174.99
HNI subscription: 519.26
RII subscription: 11.65
CMP (BSE): 
Current Gains: "
Newgen Software,29-01-18,"IPO Name: Newgen Software
Date Opened: 29-01-18
Issue Size (crores): 
Offer Price: 
List Price: 
Listing Gain: 
QIB subscription: 15.62
HNI subscription: 5.52
RII subscription: 5.18
CMP (BSE): 
Current Gains: "
Apollo Micro Sy,22-01-18,"IPO Name: Apollo Micro Sy
Date Opened: 22-01-18
Issue Size (crores): 
Offer Price: 
List Price: 
Listing Gain: 
QIB subscription: 101.93
HNI subscription: 958.07
RII subscription: 40.19
CMP (BSE): 
Current Gains: "
Astron Paper & ,29-12-17,"IPO Name: Astron Paper & 
Date Opened: 29-12-17
Issue Size (crores): 
Offer Price: 
List Price: 
Listing Gain: 
QIB subscription: 103.35
HNI subscription: 396.99
RII subscription: 77.93
CMP (BSE): 
Current Gains: "
Future Supply,18-12-17,"IPO Name: Future Supply
Date Opened: 18-12-17
Issue Size (crores): 
Offer Price: 
List Price: 
Listing Gain: 
QIB subscription: 12.36
HNI subscription: 11.15
RII subscription: 3.28
CMP (BSE): 
Current Gains: "
Shalby ,15-12-17,"IPO Name: Shalby 
Date Opened: 15-12-17
Issue Size (crores): 
Offer Price: 
List Price: 
Listing Gain: 
QIB subscription: 4.34
HNI subscription: 0.42
RII subscription: 2.98
CMP (BSE): 
Current Gains: "
HDFC Life,17-11-17,"IPO Name: HDFC Life
Date Opened: 17-11-17
Issue Size (crores): 
Offer Price: 
List Price: 
Listing Gain: 
QIB subscription: 16.6
HNI subscription: 2.29
RII subscription: 0.9
CMP (BSE): 
Current Gains: "
Khadim India,14-11-17,"IPO Name: Khadim India
Date Opened: 14-11-17
Issue Size (crores): 
Offer Price: 
List Price: 
Listing Gain: 
QIB subscription: 2.45
HNI subscription: 0.18
RII subscription: 2.34
CMP (BSE): 
Current Gains: "
Mahindra Logist,10-11-17,"IPO Name: Mahindra Logist
Date Opened: 10-11-17
Issue Size (crores): 
Offer Price: 
List Price: 
Listing Gain: 
QIB subscription: 15.61
HNI subscription: 2.07
RII subscription: 6.11
CMP (BSE): 
Current Gains: "
Nippon,06-11-17,"IPO Name: Nippon
Date Opened: 06-11-17
Issue Size (crores): 
Offer Price: 
List Price: 
Listing Gain: 
QIB subscription: 118.41
HNI subscription: 209.44
RII subscription: 5.23
CMP (BSE): 
Current Gains: "
General Insuran,25-10-17,"IPO Name: General Insuran
Date Opened: 25-10-17
Issue Size (crores): 
Offer Price: 
List Price: 
Listing Gain: 
QIB subscription: 2.25
HNI subscription: 0.22
RII subscription: 0.63
CMP (BSE): 
Current Gains: "
IEX,23-10-17,"IPO Name: IEX
Date Opened: 23-10-17
Issue Size (crores): 
Offer Price: 
List Price: 
Listing Gain: 
QIB subscription: 2.56
HNI subscription: 0.85
RII subscription: 2.61
CMP (BSE): 
Current Gains: "
Godrej Agrovet,16-10-17,"IPO Name: Godrej Agrovet
Date Opened: 16-10-17
Issue Size (crores): 
Offer Price: 
List Price: 
Listing Gain: 
QIB subscription: 150.96
HNI subscription: 236.04
RII subscription: 7.67
CMP (BSE): 
Current Gains: "
Prataap Snacks ,05-10-17,"IPO Name: Prataap Snacks 
Date Opened: 05-10-17
Issue Size (crores): 
Offer Price: 
List Price: 
Listing Gain: 
QIB subscription: 76.89
HNI subscription: 101.15
RII subscription: 7.62
CMP (BSE): 
Current Gains: "
SBI Life Insura,03-10-17,"IPO Name: SBI Life Insura
Date Opened: 03-10-17
Issue Size (crores): 
Offer Price: 
List Price: 
Listing Gain: 
QIB subscription: 12.56
HNI subscription: 0.7
RII subscription: 0.81
CMP (BSE): 
Current Gains: "
ICICI Lombard ,27-09-17,"IPO Name: ICICI Lombard 
Date Opened: 27-09-17
Issue Size (crores): 
Offer Price: 
List Price: 
Listing Gain: 
QIB subscription: 8.93
HNI subscription: 0.83
RII subscription: 1.23
CMP (BSE): 
Current Gains: "
Capacite Infra,25-09-17,"IPO Name: Capacite Infra
Date Opened: 25-09-17
Issue Size (crores): 
Offer Price: 
List Price: 
Listing Gain: 
QIB subscription: 131.32
HNI subscription: 638.05
RII subscription: 17.57
CMP (BSE): 
Current Gains: "
Matrimony.com,21-09-17,"IPO Name: Matrimony.com
Date Opened: 21-09-17
Issue Size (crores): 
Offer Price: 
List Price: 
Listing Gain: 
QIB subscription: 1.88
HNI subscription: 0.41
RII subscription: 18.16
CMP (BSE): 
Current Gains: "
Bharat Road Net,18-09-17,"IPO Name: Bharat Road Net
Date Opened: 18-09-17
Issue Size (crores): 
Offer Price: 
List Price: 
Listing Gain: 
QIB subscription: 1.33
HNI subscription: 1.63
RII subscription: 5.16
CMP (BSE): 
Current Gains: "
Dixon Technolog,18-09-17,"IPO Name: Dixon Technolog
Date Opened: 18-09-17
Issue Size (crores): 
Offer Price: 
List Price: 
Listing Gain: 
QIB subscription: 134.66
HNI subscription: 345.62
RII subscription: 9.46
CMP (BSE): 
Current Gains: "
Apex Frozen,04-09-17,"IPO Name: Apex Frozen
Date Opened: 04-09-17
Issue Size (crores): 
Offer Price: 
List Price: 
Listing Gain: 
QIB subscription: 1.91
HNI subscription: 7.82
RII subscription: 8.53
CMP (BSE): 
Current Gains: "
Cochin Shipyard,11-08-17,"IPO Name: Cochin Shipyard
Date Opened: 11-08-17
Issue Size (crores): 
Offer Price: 
List Price: 
Listing Gain: 
QIB subscription: 63.51
HNI subscription: 288.87
RII subscription: 8.12
CMP (BSE): 
Current Gains: "
SIS,10-08-17,"IPO Name: SIS
Date Opened: 10-08-17
Issue Size (crores): 
Offer Price: 
List Price: 
Listing Gain: 
QIB subscription: 5.64
HNI subscription: 1.65
RII subscription: 18.67
CMP (BSE): 
Current Gains: "
Salasar Techno ,25-07-17,"IPO Name: Salasar Techno 
Date Opened: 25-07-17
Issue Size (crores): 
Offer Price: 
List Price: 
Listing Gain: 
QIB subscription: 0.0
HNI subscription: 487.18
RII subscription: 58.59
CMP (BSE): 
Current Gains: "
AU Small Financ,10-07-17,"IPO Name: AU Small Financ
Date Opened: 10-07-17
Issue Size (crores): 
Offer Price: 
List Price: 
Listing Gain: 
QIB subscription: 78.77
HNI subscription: 143.51
RII subscription: 3.52
CMP (BSE): 
Current Gains: "
GTPL Hathway,04-07-17,"IPO Name: GTPL Hathway
Date Opened: 04-07-17
Issue Size (crores): 
Offer Price: 
List Price: 
Listing Gain: 
QIB subscription: 1.48
HNI subscription: 2.48
RII subscription: 0.99
CMP (BSE): 
Current Gains: "
CDSL,30-06-17,"IPO Name: CDSL
Date Opened: 30-06-17
Issue Size (crores): 
Offer Price: 
List Price: 
Listing Gain: 
QIB subscription: 148.71
HNI subscription: 563.03
RII subscription: 23.83
CMP (BSE): 
Current Gains: "
Eris Life,29-06-17,"IPO Name: Eris Life
Date Opened: 29-06-17
Issue Size (crores): 
Offer Price: 
List Price: 
Listing Gain: 
QIB subscription: 4.68
HNI subscription: 0.45
RII subscription: 3.51
CMP (BSE): 
Current Gains: "
Tejas Networks,27-06-17,"IPO Name: Tejas Networks
Date Opened: 27-06-17
Issue Size (crores): 
Offer Price: 
List Price: 
Listing Gain: 
QIB subscription: 2.16
HNI subscription: 0.48
RII subscription: 3.1
CMP (BSE): 
Current Gains: "
IndiGrid InvIT ,06-06-17,"IPO Name: IndiGrid InvIT 
Date Opened: 06-06-17
Issue Size (crores): 
Offer Price: 
List Price: 
Listing Gain: 
QIB subscription: 1.14
HNI subscription: 1.6
RII subscription: 0.0
CMP (BSE): 
Current Gains: "
PSP Projects,29-05-17,"IPO Name: PSP Projects
Date Opened: 29-05-17
Issue Size (crores): 
Offer Price: 
List Price: 
Listing Gain: 
QIB subscription: 8.38
HNI subscription: 10.39
RII subscription: 6.47
CMP (BSE): 
Current Gains: "
HUDCO,19-05-17,"IPO Name: HUDCO
Date Opened: 19-05-17
Issue Size (crores): 
Offer Price: 
List Price: 
Listing Gain: 
QIB subscription: 55.45
HNI subscription: 330.36
RII subscription: 10.79
CMP (BSE): 
Current Gains: "
S Chand and Co,09-05-17,"IPO Name: S Chand and Co
Date Opened: 09-05-17
Issue Size (crores): 
Offer Price: 
List Price: 
Listing Gain: 
QIB subscription: 44.27
HNI subscription: 204.65
RII subscription: 6.07
CMP (BSE): 
Current Gains: "
Shankara Buildi,05-04-17,"IPO Name: Shankara Buildi
Date Opened: 05-04-17
Issue Size (crores): 
Offer Price: 
List Price: 
Listing Gain: 
QIB subscription: 51.62
HNI subscription: 90.68
RII subscription: 15.35
CMP (BSE): 
Current Gains: "
CL Educate,31-03-17,"IPO Name: CL Educate
Date Opened: 31-03-17
Issue Size (crores): 
Offer Price: 
List Price: 
Listing Gain: 
QIB subscription: 3.65
HNI subscription: 0.21
RII subscription: 1.63
CMP (BSE): 
Current Gains: "
Avenue Supermar,21-03-17,"IPO Name: Avenue Supermar
Date Opened: 21-03-17
Issue Size (crores): 
Offer Price: 
List Price: 
Listing Gain: 
QIB subscription: 144.61
HNI subscription: 277.74
RII subscription: 7.3
CMP (BSE): 
Current Gains: "
Music Broadcast,17-03-17,"IPO Name: Music Broadcast
Date Opened: 17-03-17
Issue Size (crores): 
Offer Price: 
List Price: 
Listing Gain: 
QIB subscription: 39.78
HNI subscription: 109.13
RII subscription: 9.85
CMP (BSE): 
Current Gains: "
BSE Limited,03-02-17,"IPO Name: BSE Limited
Date Opened: 03-02-17
Issue Size (crores): 
Offer Price: 
List Price: 
Listing Gain: 
QIB subscription: 48.64
HNI subscription: 159.03
RII subscription: 6.48
CMP (BSE): 
Current Gains: "
Laurus Labs,19-12-16,"IPO Name: Laurus Labs
Date Opened: 19-12-16
Issue Size (crores): 
Offer Price: 
List Price: 
Listing Gain: 
QIB subscription: 10.54
HNI subscription: 3.57
RII subscription: 1.58
CMP (BSE): 
Current Gains: "
Sheela Foam,09-12-16,"IPO Name: Sheela Foam
Date Opened: 09-12-16
Issue Size (crores): 
Offer Price: 
List Price: 
Listing Gain: 
QIB subscription: 14.51
HNI subscription: 3.35
RII subscription: 0.44
CMP (BSE): 
Current Gains: "
Varun Beverages,08-11-16,"IPO Name: Varun Beverages
Date Opened: 08-11-16
Issue Size (crores): 
Offer Price: 
List Price: 
Listing Gain: 
QIB subscription: 4.94
HNI subscription: 0.42
RII subscription: 0.82
CMP (BSE): 
Current Gains: "
PNB Housing Fin,07-11-16,"IPO Name: PNB Housing Fin
Date Opened: 07-11-16
Issue Size (crores): 
Offer Price: 
List Price: 
Listing Gain: 
QIB subscription: 37.33
HNI subscription: 86.17
RII subscription: 1.32
CMP (BSE): 
Current Gains: "
Endurance Techn,19-10-16,"IPO Name: Endurance Techn
Date Opened: 19-10-16
Issue Size (crores): 
Offer Price: 
List Price: 
Listing Gain: 
QIB subscription: 1.7
HNI subscription: 0.13
RII subscription: 0.82
CMP (BSE): 
Current Gains: "
HPL Electric & ,04-10-16,"IPO Name: HPL Electric & 
Date Opened: 04-10-16
Issue Size (crores): 
Offer Price: 
List Price: 
Listing Gain: 
QIB subscription: 5.77
HNI subscription: 22.2
RII subscription: 3.31
CMP (BSE): 
Current Gains: "
ICICI Prudentia,29-09-16,"IPO Name: ICICI Prudentia
Date Opened: 29-09-16
Issue Size (crores): 
Offer Price: 
List Price: 
Listing Gain: 
QIB subscription: 11.83
HNI subscription: 28.55
RII subscription: 1.42
CMP (BSE): 
Current Gains: "
GNA Axles,27-09-16,"IPO Name: GNA Axles
Date Opened: 27-09-16
Issue Size (crores): 
Offer Price: 
List Price: 
Listing Gain: 
QIB subscription: 17.18
HNI subscription: 217.47
RII subscription: 11.84
CMP (BSE): 
Current Gains: "
L&T Technology,23-09-16,"IPO Name: L&T Technology
Date Opened: 23-09-16
Issue Size (crores): 
Offer Price: 
List Price: 
Listing Gain: 
QIB subscription: 5.01
HNI subscription: 1.03
RII subscription: 1.74
CMP (BSE): 
Current Gains: "
RBL Bank,31-08-16,"IPO Name: RBL Bank
Date Opened: 31-08-16
Issue Size (crores): 
Offer Price: 
List Price: 
Listing Gain: 
QIB subscription: 85.08
HNI subscription: 198.06
RII subscription: 5.7
CMP (BSE): 
Current Gains: "
S P Apparels,12-08-16,"IPO Name: S P Apparels
Date Opened: 12-08-16
Issue Size (crores): 
Offer Price: 
List Price: 
Listing Gain: 
QIB subscription: 1.0
HNI subscription: 0.45
RII subscription: 0.54
CMP (BSE): 
Current Gains: "
Dilip Buildcon,11-08-16,"IPO Name: Dilip Buildcon
Date Opened: 11-08-16
Issue Size (crores): 
Offer Price: 
List Price: 
Listing Gain: 
QIB subscription: 0.0
HNI subscription: 0.0
RII subscription: 0.0
CMP (BSE): 
Current Gains: "
Advanced Enzyme,01-08-16,"IPO Name: Advanced Enzyme
Date Opened: 01-08-16
Issue Size (crores): 
Offer Price: 
List Price: 
Listing Gain: 
QIB subscription: 94.03
HNI subscription: 393.1
RII subscription: 11.67
CMP (BSE): 
Current Gains: "
L&T Infotech,21-07-16,"IPO Name: L&T Infotech
Date Opened: 21-07-16
Issue Size (crores): 
Offer Price: 
List Price: 
Listing Gain: 
QIB subscription: 19.91
HNI subscription: 10.76
RII subscription: 7.39
CMP (BSE): 
Current Gains: "
Quess Corp,12-07-16,"IPO Name: Quess Corp
Date Opened: 12-07-16
Issue Size (crores): 
Offer Price: 
List Price: 
Listing Gain: 
QIB subscription: 59.02
HNI subscription: 392.21
RII subscription: 31.23
CMP (BSE): 
Current Gains: "
Mahanagar Gas,01-07-16,"IPO Name: Mahanagar Gas
Date Opened: 01-07-16
Issue Size (crores): 
Offer Price: 
List Price: 
Listing Gain: 
QIB subscription: 72.84
HNI subscription: 191.61
RII subscription: 6.82
CMP (BSE): 
Current Gains: "
Parag Milk Food,19-05-16,"IPO Name: Parag Milk Food
Date Opened: 19-05-16
Issue Size (crores): 
Offer Price: 
List Price: 
Listing Gain: 
QIB subscription: 1.15
HNI subscription: 3.08
RII subscription: 2.12
CMP (BSE): 
Current Gains: "
Ujjivan Financi,10-05-16,"IPO Name: Ujjivan Financi
Date Opened: 10-05-16
Issue Size (crores): 
Offer Price: 
List Price: 
Listing Gain: 
QIB subscription: 33.84
HNI subscription: 135.45
RII subscription: 4.02
CMP (BSE): 
Current Gains: "
Thyrocare Techn,09-05-16,"IPO Name: Thyrocare Techn
Date Opened: 09-05-16
Issue Size (crores): 
Offer Price: 
List Price: 
Listing Gain: 
QIB subscription: 73.18
HNI subscription: 225.3
RII subscription: 8.73
CMP (BSE): 
Current Gains: "
Equitas Holding,21-04-16,"IPO Name: Equitas Holding
Date Opened: 21-04-16
Issue Size (crores): 
Offer Price: 
List Price: 
Listing Gain: 
QIB subscription: 14.93
HNI subscription: 57.29
RII subscription: 1.4
CMP (BSE): 
Current Gains: "
Bharat Wire Rop,01-04-16,"IPO Name: Bharat Wire Rop
Date Opened: 01-04-16
Issue Size (crores): 
Offer Price: 
List Price: 
Listing Gain: 
QIB subscription: 1.01
HNI subscription: 2.02
RII subscription: 2.08
CMP (BSE): 
Current Gains: "
Quick Heal Tech,18-02-16,"IPO Name: Quick Heal Tech
Date Opened: 18-02-16
Issue Size (crores): 
Offer Price: 
List Price: 
Listing Gain: 
QIB subscription: 4.34
HNI subscription: 36.69
RII subscription: 3.82
CMP (BSE): 
Current Gains: "
TeamLease Ser.,12-02-16,"IPO Name: TeamLease Ser.
Date Opened: 12-02-16
Issue Size (crores): 
Offer Price: 
List Price: 
Listing Gain: 
QIB subscription: 26.97
HNI subscription: 185.24
RII subscription: 10.61
CMP (BSE): 
Current Gains: "
Precision Camsh,08-02-16,"IPO Name: Precision Camsh
Date Opened: 08-02-16
Issue Size (crores): 
Offer Price: 
List Price: 
Listing Gain: 
QIB subscription: 2.62
HNI subscription: 0.73
RII subscription: 2.01
CMP (BSE): 
Current Gains: "
Narayana Hruda,06-01-16,"IPO Name: Narayana Hruda
Date Opened: 06-01-16
Issue Size (crores): 
Offer Price: 
List Price: 
Listing Gain: 
QIB subscription: 0.01
HNI subscription: 0.01
RII subscription: 0.13
CMP (BSE): 
Current Gains: "
Alkem Lab,23-12-15,"IPO Name: Alkem Lab
Date Opened: 23-12-15
Issue Size (crores): 
Offer Price: 
List Price: 
Listing Gain: 
QIB subscription: 57.19
HNI subscription: 129.96
RII subscription: 3.17
CMP (BSE): 
Current Gains: "
Dr Lal PathLab,23-12-15,"IPO Name: Dr Lal PathLab
Date Opened: 23-12-15
Issue Size (crores): 
Offer Price: 
List Price: 
Listing Gain: 
QIB subscription: 63.56
HNI subscription: 61.28
RII subscription: 4.24
CMP (BSE): 
Current Gains: "
S H Kelkar,16-11-15,"IPO Name: S H Kelkar
Date Opened: 16-11-15
Issue Size (crores): 
Offer Price: 
List Price: 
Listing Gain: 
QIB subscription: 0.0
HNI subscription: 0.0
RII subscription: 0.0
CMP (BSE): 
Current Gains: "
Interglobe Avi,10-11-15,"IPO Name: Interglobe Avi
Date Opened: 10-11-15
Issue Size (crores): 
Offer Price: 
List Price: 
Listing Gain: 
QIB subscription: 17.8
HNI subscription: 3.57
RII subscription: 0.92
CMP (BSE): 
Current Gains: "
Coffee Day,02-11-15,"IPO Name: Coffee Day
Date Opened: 02-11-15
Issue Size (crores): 
Offer Price: 
List Price: 
Listing Gain: 
QIB subscription: 4.39
HNI subscription: 0.54
RII subscription: 0.9
CMP (BSE): 
Current Gains: "
Prabhat Dairy,21-09-15,"IPO Name: Prabhat Dairy
Date Opened: 21-09-15
Issue Size (crores): 
Offer Price: 
List Price: 
Listing Gain: 
QIB subscription: 0.88
HNI subscription: 1.42
RII subscription: 0.34
CMP (BSE): 
Current Gains: "
Sadbhav Infra,16-09-15,"IPO Name: Sadbhav Infra
Date Opened: 16-09-15
Issue Size (crores): 
Offer Price: 
List Price: 
Listing Gain: 
QIB subscription: 3.04
HNI subscription: 1.66
RII subscription: 1.69
CMP (BSE): 
Current Gains: "
Pennar Eng,10-09-15,"IPO Name: Pennar Eng
Date Opened: 10-09-15
Issue Size (crores): 
Offer Price: 
List Price: 
Listing Gain: 
QIB subscription: 0.0
HNI subscription: 0.04
RII subscription: 0.11
CMP (BSE): 
Current Gains: "
Shree Pushkar,10-09-15,"IPO Name: Shree Pushkar
Date Opened: 10-09-15
Issue Size (crores): 
Offer Price: 
List Price: 
Listing Gain: 
QIB subscription: 0.97
HNI subscription: 2.09
RII subscription: 1.54
CMP (BSE): 
Current Gains: "
Navkar Corp,09-09-15,"IPO Name: Navkar Corp
Date Opened: 09-09-15
Issue Size (crores): 
Offer Price: 
List Price: 
Listing Gain: 
QIB subscription: 6.47
HNI subscription: 0.9
RII subscription: 1.62
CMP (BSE): 
Current Gains: "
Power Mech,26-08-15,"IPO Name: Power Mech
Date Opened: 26-08-15
Issue Size (crores): 
Offer Price: 
List Price: 
Listing Gain: 
QIB subscription: 27.53
HNI subscription: 133.22
RII subscription: 3.42
CMP (BSE): 
Current Gains: "
Syngene Intl,11-08-15,"IPO Name: Syngene Intl
Date Opened: 11-08-15
Issue Size (crores): 
Offer Price: 
List Price: 
Listing Gain: 
QIB subscription: 51.47
HNI subscription: 90.24
RII subscription: 4.78
CMP (BSE): 
Current Gains: "
Manpasand Bever,09-07-15,"IPO Name: Manpasand Bever
Date Opened: 09-07-15
Issue Size (crores): 
Offer Price: 
List Price: 
Listing Gain: 
QIB subscription: 1.99
HNI subscription: 0.38
RII subscription: 1.16
CMP (BSE): 
Current Gains: "
PNC Infratech,26-05-15,"IPO Name: PNC Infratech
Date Opened: 26-05-15
Issue Size (crores): 
Offer Price: 
List Price: 
Listing Gain: 
QIB subscription: 4.51
HNI subscription: 0.65
RII subscription: 0.28
CMP (BSE): 
Current Gains: "
UFO Moviez,14-05-15,"IPO Name: UFO Moviez
Date Opened: 14-05-15
Issue Size (crores): 
Offer Price: 
List Price: 
Listing Gain: 
QIB subscription: 4.49
HNI subscription: 1.17
RII subscription: 1.02
CMP (BSE): 
Current Gains: "
MEP Infra,06-05-15,"IPO Name: MEP Infra
Date Opened: 06-05-15
Issue Size (crores): 
Offer Price: 
List Price: 
Listing Gain: 
QIB subscription: 1.02
HNI subscription: 1.51
RII subscription: 0.97
CMP (BSE): 
Current Gains: "
VRL Logistics,30-04-15,"IPO Name: VRL Logistics
Date Opened: 30-04-15
Issue Size (crores): 
Offer Price: 
List Price: 
Listing Gain: 
QIB subscription: 58.22
HNI subscription: 250.86
RII subscription: 7.92
CMP (BSE): 
Current Gains: "
Inox Wind,09-04-15,"IPO Name: Inox Wind
Date Opened: 09-04-15
Issue Size (crores): 
Offer Price: 
List Price: 
Listing Gain: 
QIB subscription: 35.68
HNI subscription: 35.38
RII subscription: 2.15
CMP (BSE): 
Current Gains: "
Imagicaaworld,06-04-15,"IPO Name: Imagicaaworld
Date Opened: 06-04-15
Issue Size (crores): 
Offer Price: 
List Price: 
Listing Gain: 
QIB subscription: 1.17
HNI subscription: 0.49
RII subscription: 1.37
CMP (BSE): 
Current Gains: "
Ortel Comm,19-03-15,"IPO Name: Ortel Comm
Date Opened: 19-03-15
Issue Size (crores): 
Offer Price: 
List Price: 
Listing Gain: 
QIB subscription: 1.01
HNI subscription: 0.09
RII subscription: 0.39
CMP (BSE): 
Current Gains: "
Monte Carlo,19-12-14,"IPO Name: Monte Carlo
Date Opened: 19-12-14
Issue Size (crores): 
Offer Price: 
List Price: 
Listing Gain: 
QIB subscription: 13.96
HNI subscription: 1.71
RII subscription: 6.96
CMP (BSE): 
Current Gains: "
Shemaroo Ent,01-10-14,"IPO Name: Shemaroo Ent
Date Opened: 01-10-14
Issue Size (crores): 
Offer Price: 
List Price: 
Listing Gain: 
QIB subscription: 5.69
HNI subscription: 8.64
RII subscription: 7.79
CMP (BSE): 
Current Gains: "
Sharda Crop,23-09-14,"IPO Name: Sharda Crop
Date Opened: 23-09-14
Issue Size (crores): 
Offer Price: 
List Price: 
Listing Gain: 
QIB subscription: 32.06
HNI subscription: 251.35
RII subscription: 5.85
CMP (BSE): 
Current Gains: "
Snowman Logist,12-09-14,"IPO Name: Snowman Logist
Date Opened: 12-09-14
Issue Size (crores): 
Offer Price: 
List Price: 
Listing Gain: 
QIB subscription: 16.98
HNI subscription: 221.79
RII subscription: 41.26
CMP (BSE): 
Current Gains: "
Wonderla,09-05-14,"IPO Name: Wonderla
Date Opened: 09-05-14
Issue Size (crores): 
Offer Price: 
List Price: 
Listing Gain: 
QIB subscription: 16.71
HNI subscription: 159.04
RII subscription: 7.56
CMP (BSE): 
Current Gains: "
Just Dial,05-06-13,"IPO Name: Just Dial
Date Opened: 05-06-13
Issue Size (crores): 
Offer Price: 
List Price: 
Listing Gain: 
QIB subscription: 10.12
HNI subscription: 22.34
RII subscription: 3.53
CMP (BSE): 
Current Gains: "
Repco Home,01-04-13,"IPO Name: Repco Home
Date Opened: 01-04-13
Issue Size (crores): 
Offer Price: 
List Price: 
Listing Gain: 
QIB subscription: 3.39
HNI subscription: 0.35
RII subscription: 0.51
CMP (BSE): 
Current Gains: "
INDUS TOWERS,28-12-12,"IPO Name: INDUS TOWERS
Date Opened: 28-12-12
Issue Size (crores): 
Offer Price: 
List Price: 
Listing Gain: 
QIB subscription: 2.84
HNI subscription: 0.1
RII subscription: 0.06
CMP (BSE): 
Current Gains: "
PC Jeweller,27-12-12,"IPO Name: PC Jeweller
Date Opened: 27-12-12
Issue Size (crores): 
Offer Price: 
List Price: 
Listing Gain: 
QIB subscription: 7.33
HNI subscription: 18.12
RII subscription: 1.68
CMP (BSE): 
Current Gains: "
CARE Ratings,26-12-12,"IPO Name: CARE Ratings
Date Opened: 26-12-12
Issue Size (crores): 
Offer Price: 
List Price: 
Listing Gain: 
QIB subscription: 45.8
HNI subscription: 110.96
RII subscription: 6.18
CMP (BSE): 
Current Gains: "
Tara Jewels,06-12-12,"IPO Name: Tara Jewels
Date Opened: 06-12-12
Issue Size (crores): 
Offer Price: 
List Price: 
Listing Gain: 
QIB subscription: 1.49
HNI subscription: 3.1
RII subscription: 2.05
CMP (BSE): 
Current Gains: "
VKS Projects,18-07-12,"IPO Name: VKS Projects
Date Opened: 18-07-12
Issue Size (crores): 
Offer Price: 
List Price: 
Listing Gain: 
QIB subscription: 1.15
HNI subscription: 0.38
RII subscription: 1.13
CMP (BSE): 
Current Gains: "
Speciality Rest,30-05-12,"IPO Name: Speciality Rest
Date Opened: 30-05-12
Issue Size (crores): 
Offer Price: 
List Price: 
Listing Gain: 
QIB subscription: 4.68
HNI subscription: 2.19
RII subscription: 0.55
CMP (BSE): 
Current Gains: "
Tribhovandas,09-05-12,"IPO Name: Tribhovandas
Date Opened: 09-05-12
Issue Size (crores): 
Offer Price: 
List Price: 
Listing Gain: 
QIB subscription: 1.29
HNI subscription: 1.91
RII subscription: 0.68
CMP (BSE): 
Current Gains: "
MT Educare,12-04-12,"IPO Name: MT Educare
Date Opened: 12-04-12
Issue Size (crores): 
Offer Price: 
List Price: 
Listing Gain: 
QIB subscription: 6.01
HNI subscription: 8.0
RII subscription: 2.17
CMP (BSE): 
Current Gains: "
NBCC (India),12-04-12,"IPO Name: NBCC (India)
Date Opened: 12-04-12
Issue Size (crores): 
Offer Price: 
List Price: 
Listing Gain: 
QIB subscription: 7.07
HNI subscription: 1.7
RII subscription: 3.4
CMP (BSE): 
Current Gains: "
Olympic Cards,28-03-12,"IPO Name: Olympic Cards
Date Opened: 28-03-12
Issue Size (crores): 
Offer Price: 
List Price: 
Listing Gain: 
QIB subscription: 0.0
HNI subscription: 3.43
RII subscription: 1.36
CMP (BSE): 
Current Gains: "
MCX India,09-03-12,"IPO Name: MCX India
Date Opened: 09-03-12
Issue Size (crores): 
Offer Price: 
List Price: 
Listing Gain: 
QIB subscription: 49.12
HNI subscription: 150.35
RII subscription: 24.14
CMP (BSE): 
Current Gains: "
Indo Thai Secu,02-11-11,"IPO Name: Indo Thai Secu
Date Opened: 02-11-11
Issue Size (crores): 
Offer Price: 
List Price: 
Listing Gain: 
QIB subscription: 0.0
HNI subscription: 0.02
RII subscription: 3.31
CMP (BSE): 
Current Gains: "
Vaswani Ind,24-10-11,"IPO Name: Vaswani Ind
Date Opened: 24-10-11
Issue Size (crores): 
Offer Price: 
List Price: 
Listing Gain: 
QIB subscription: 0.16
HNI subscription: 11.29
RII subscription: 6.82
CMP (BSE): 
Current Gains: "
Ujaas Energy,20-10-11,"IPO Name: Ujaas Energy
Date Opened: 20-10-11
Issue Size (crores): 
Offer Price: 
List Price: 
Listing Gain: 
QIB subscription: 1.03
HNI subscription: 1.56
RII subscription: 2.35
CMP (BSE): 
Current Gains: "
Taksheel Solut,19-10-11,"IPO Name: Taksheel Solut
Date Opened: 19-10-11
Issue Size (crores): 
Offer Price: 
List Price: 
Listing Gain: 
QIB subscription: 0.24
HNI subscription: 4.7
RII subscription: 6.18
CMP (BSE): 
Current Gains: "
Flexituff Ventu,19-10-11,"IPO Name: Flexituff Ventu
Date Opened: 19-10-11
Issue Size (crores): 
Offer Price: 
List Price: 
Listing Gain: 
QIB subscription: 0.51
HNI subscription: 1.55
RII subscription: 1.55
CMP (BSE): 
Current Gains: "
Onelife Capital,17-10-11,"IPO Name: Onelife Capital
Date Opened: 17-10-11
Issue Size (crores): 
Offer Price: 
List Price: 
Listing Gain: 
QIB subscription: 1.02
HNI subscription: 0.93
RII subscription: 2.32
CMP (BSE): 
Current Gains: "
Setubandhan Inf,04-10-11,"IPO Name: Setubandhan Inf
Date Opened: 04-10-11
Issue Size (crores): 
Offer Price: 
List Price: 
Listing Gain: 
QIB subscription: 0.31
HNI subscription: 2.76
RII subscription: 4.68
CMP (BSE): 
Current Gains: "
PG Electroplast,26-09-11,"IPO Name: PG Electroplast
Date Opened: 26-09-11
Issue Size (crores): 
Offer Price: 
List Price: 
Listing Gain: 
QIB subscription: 0.98
HNI subscription: 1.84
RII subscription: 1.64
CMP (BSE): 
Current Gains: "
SRS,16-09-11,"IPO Name: SRS
Date Opened: 16-09-11
Issue Size (crores): 
Offer Price: 
List Price: 
Listing Gain: 
QIB subscription: 0.74
HNI subscription: 5.0
RII subscription: 0.29
CMP (BSE): 
Current Gains: "
TD Power System,08-09-11,"IPO Name: TD Power System
Date Opened: 08-09-11
Issue Size (crores): 
Offer Price: 
List Price: 
Listing Gain: 
QIB subscription: 6.52
HNI subscription: 0.32
RII subscription: 0.36
CMP (BSE): 
Current Gains: "
Brooks Labs,05-09-11,"IPO Name: Brooks Labs
Date Opened: 05-09-11
Issue Size (crores): 
Offer Price: 
List Price: 
Listing Gain: 
QIB subscription: 0.0
HNI subscription: 2.82
RII subscription: 3.36
CMP (BSE): 
Current Gains: "
Tree House,26-08-11,"IPO Name: Tree House
Date Opened: 26-08-11
Issue Size (crores): 
Offer Price: 
List Price: 
Listing Gain: 
QIB subscription: 1.02
HNI subscription: 1.68
RII subscription: 2.76
CMP (BSE): 
Current Gains: "
L&T Finance,12-08-11,"IPO Name: L&T Finance
Date Opened: 12-08-11
Issue Size (crores): 
Offer Price: 
List Price: 
Listing Gain: 
QIB subscription: 1.93
HNI subscription: 6.18
RII subscription: 9.61
CMP (BSE): 
Current Gains: "
Inventure Grow,04-08-11,"IPO Name: Inventure Grow
Date Opened: 04-08-11
Issue Size (crores): 
Offer Price: 
List Price: 
Listing Gain: 
QIB subscription: 0.25
HNI subscription: 9.49
RII subscription: 8.66
CMP (BSE): 
Current Gains: "
Bharatiya Glob,28-07-11,"IPO Name: Bharatiya Glob
Date Opened: 28-07-11
Issue Size (crores): 
Offer Price: 
List Price: 
Listing Gain: 
QIB subscription: 0.0
HNI subscription: 1.94
RII subscription: 5.06
CMP (BSE): 
Current Gains: "
Kridhan Infra,13-07-11,"IPO Name: Kridhan Infra
Date Opened: 13-07-11
Issue Size (crores): 
Offer Price: 
List Price: 
Listing Gain: 
QIB subscription: 0.03
HNI subscription: 1.37
RII subscription: 4.18
CMP (BSE): 
Current Gains: "
Rushil Decor,07-07-11,"IPO Name: Rushil Decor
Date Opened: 07-07-11
Issue Size (crores): 
Offer Price: 
List Price: 
Listing Gain: 
QIB subscription: 0.23
HNI subscription: 1.35
RII subscription: 6.57
CMP (BSE): 
Current Gains: "
Birla Pacific,07-07-11,"IPO Name: Birla Pacific
Date Opened: 07-07-11
Issue Size (crores): 
Offer Price: 
List Price: 
Listing Gain: 
QIB subscription: 1.04
HNI subscription: 0.17
RII subscription: 1.82
CMP (BSE): 
Current Gains: "
Timbor Home,22-06-11,"IPO Name: Timbor Home
Date Opened: 22-06-11
Issue Size (crores): 
Offer Price: 
List Price: 
Listing Gain: 
QIB subscription: 0.65
HNI subscription: 3.22
RII subscription: 14.22
CMP (BSE): 
Current Gains: "
VMS Industries,14-06-11,"IPO Name: VMS Industries
Date Opened: 14-06-11
Issue Size (crores): 
Offer Price: 
List Price: 
Listing Gain: 
QIB subscription: 0.0
HNI subscription: 1.11
RII subscription: 3.41
CMP (BSE): 
Current Gains: "
Dr Datson Labs,27-05-11,"IPO Name: Dr Datson Labs
Date Opened: 27-05-11
Issue Size (crores): 
Offer Price: 
List Price: 
Listing Gain: 
QIB subscription: 0.14
HNI subscription: 2.65
RII subscription: 1.84
CMP (BSE): 
Current Gains: "
Sanghvi Forging,23-05-11,"IPO Name: Sanghvi Forging
Date Opened: 23-05-11
Issue Size (crores): 
Offer Price: 
List Price: 
Listing Gain: 
QIB subscription: 0.0
HNI subscription: 1.82
RII subscription: 2.93
CMP (BSE): 
Current Gains: "
Innoventive Ind,13-05-11,"IPO Name: Innoventive Ind
Date Opened: 13-05-11
Issue Size (crores): 
Offer Price: 
List Price: 
Listing Gain: 
QIB subscription: 0.85
HNI subscription: 1.94
RII subscription: 1.48
CMP (BSE): 
Current Gains: "
Servalakshmi,12-05-11,"IPO Name: Servalakshmi
Date Opened: 12-05-11
Issue Size (crores): 
Offer Price: 
List Price: 
Listing Gain: 
QIB subscription: 0.34
HNI subscription: 4.21
RII subscription: 1.9
CMP (BSE): 
Current Gains: "
Future Consumer,10-05-11,"IPO Name: Future Consumer
Date Opened: 10-05-11
Issue Size (crores): 
Offer Price: 
List Price: 
Listing Gain: 
QIB subscription: 0.26
HNI subscription: 7.81
RII subscription: 0.61
CMP (BSE): 
Current Gains: "
Paramount Print,09-05-11,"IPO Name: Paramount Print
Date Opened: 09-05-11
Issue Size (crores): 
Offer Price: 
List Price: 
Listing Gain: 
QIB subscription: 0.33
HNI subscription: 3.28
RII subscription: 9.31
CMP (BSE): 
Current Gains: "
Muthoot Finance,06-05-11,"IPO Name: Muthoot Finance
Date Opened: 06-05-11
Issue Size (crores): 
Offer Price: 
List Price: 
Listing Gain: 
QIB subscription: 25.01
HNI subscription: 60.94
RII subscription: 8.5
CMP (BSE): 
Current Gains: "
Shilpi Cable,08-04-11,"IPO Name: Shilpi Cable
Date Opened: 08-04-11
Issue Size (crores): 
Offer Price: 
List Price: 
Listing Gain: 
QIB subscription: 1.04
HNI subscription: 6.39
RII subscription: 5.74
CMP (BSE): 
Current Gains: "
PTC India Fin,30-03-11,"IPO Name: PTC India Fin
Date Opened: 30-03-11
Issue Size (crores): 
Offer Price: 
List Price: 
Listing Gain: 
QIB subscription: 2.85
HNI subscription: 0.22
RII subscription: 1.18
CMP (BSE): 
Current Gains: "
Lovable Lingeri,24-03-11,"IPO Name: Lovable Lingeri
Date Opened: 24-03-11
Issue Size (crores): 
Offer Price: 
List Price: 
Listing Gain: 
QIB subscription: 21.87
HNI subscription: 99.87
RII subscription: 20.84
CMP (BSE): 
Current Gains: "
Sudar Ind,11-03-11,"IPO Name: Sudar Ind
Date Opened: 11-03-11
Issue Size (crores): 
Offer Price: 
List Price: 
Listing Gain: 
QIB subscription: 0.17
HNI subscription: 4.47
RII subscription: 2.27
CMP (BSE): 
Current Gains: "
Fineotex Chem,11-03-11,"IPO Name: Fineotex Chem
Date Opened: 11-03-11
Issue Size (crores): 
Offer Price: 
List Price: 
Listing Gain: 
QIB subscription: 0.0
HNI subscription: 0.22
RII subscription: 4.38
CMP (BSE): 
Current Gains: "
Acropetal Tech,10-03-11,"IPO Name: Acropetal Tech
Date Opened: 10-03-11
Issue Size (crores): 
Offer Price: 
List Price: 
Listing Gain: 
QIB subscription: 1.12
HNI subscription: 2.0
RII subscription: 1.21
CMP (BSE): 
Current Gains: "
Omkar Special,10-02-11,"IPO Name: Omkar Special
Date Opened: 10-02-11
Issue Size (crores): 
Offer Price: 
List Price: 
Listing Gain: 
QIB subscription: 0.82
HNI subscription: 5.27
RII subscription: 9.9
CMP (BSE): 
Current Gains: "
C Mahendra Expo,20-01-11,"IPO Name: C Mahendra Expo
Date Opened: 20-01-11
Issue Size (crores): 
Offer Price: 
List Price: 
Listing Gain: 
QIB subscription: 1.02
HNI subscription: 3.92
RII subscription: 4.82
CMP (BSE): 
Current Gains: "
Punjab & Sind,30-12-10,"IPO Name: Punjab & Sind
Date Opened: 30-12-10
Issue Size (crores): 
Offer Price: 
List Price: 
Listing Gain: 
QIB subscription: 49.8
HNI subscription: 22.91
RII subscription: 8.38
CMP (BSE): 
Current Gains: "
A2Z Infra Eng,23-12-10,"IPO Name: A2Z Infra Eng
Date Opened: 23-12-10
Issue Size (crores): 
Offer Price: 
List Price: 
Listing Gain: 
QIB subscription: 0.7
HNI subscription: 4.25
RII subscription: 0.33
CMP (BSE): 
Current Gains: "
Claris Life,20-12-10,"IPO Name: Claris Life
Date Opened: 20-12-10
Issue Size (crores): 
Offer Price: 
List Price: 
Listing Gain: 
QIB subscription: 1.31
HNI subscription: 2.03
RII subscription: 1.6
CMP (BSE): 
Current Gains: "
MOIL,15-12-10,"IPO Name: MOIL
Date Opened: 15-12-10
Issue Size (crores): 
Offer Price: 
List Price: 
Listing Gain: 
QIB subscription: 0.0
HNI subscription: 0.0
RII subscription: 0.0
CMP (BSE): 
Current Gains: "
RPP Infra Proj,06-12-10,"IPO Name: RPP Infra Proj
Date Opened: 06-12-10
Issue Size (crores): 
Offer Price: 
List Price: 
Listing Gain: 
QIB subscription: 0.16
HNI subscription: 7.27
RII subscription: 5.6
CMP (BSE): 
Current Gains: "
Gravita India,16-11-10,"IPO Name: Gravita India
Date Opened: 16-11-10
Issue Size (crores): 
Offer Price: 
List Price: 
Listing Gain: 
QIB subscription: 6.04
HNI subscription: 182.52
RII subscription: 37.34
CMP (BSE): 
Current Gains: "
Coal India,04-11-10,"IPO Name: Coal India
Date Opened: 04-11-10
Issue Size (crores): 
Offer Price: 
List Price: 
Listing Gain: 
QIB subscription: 24.7
HNI subscription: 25.4
RII subscription: 2.31
CMP (BSE): 
Current Gains: "
Prestige Estate,27-10-10,"IPO Name: Prestige Estate
Date Opened: 27-10-10
Issue Size (crores): 
Offer Price: 
List Price: 
Listing Gain: 
QIB subscription: 4.32
HNI subscription: 0.24
RII subscription: 0.08
CMP (BSE): 
Current Gains: "
BS Limited,27-10-10,"IPO Name: BS Limited
Date Opened: 27-10-10
Issue Size (crores): 
Offer Price: 
List Price: 
Listing Gain: 
QIB subscription: 0.52
HNI subscription: 3.16
RII subscription: 1.04
CMP (BSE): 
Current Gains: "
Gyscoal Alloys,27-10-10,"IPO Name: Gyscoal Alloys
Date Opened: 27-10-10
Issue Size (crores): 
Offer Price: 
List Price: 
Listing Gain: 
QIB subscription: 1.54
HNI subscription: 33.44
RII subscription: 8.0
CMP (BSE): 
Current Gains: "
Oberoi Realty,20-10-10,"IPO Name: Oberoi Realty
Date Opened: 20-10-10
Issue Size (crores): 
Offer Price: 
List Price: 
Listing Gain: 
QIB subscription: 22.15
HNI subscription: 3.61
RII subscription: 0.94
CMP (BSE): 
Current Gains: "
Commercial Eng,18-10-10,"IPO Name: Commercial Eng
Date Opened: 18-10-10
Issue Size (crores): 
Offer Price: 
List Price: 
Listing Gain: 
QIB subscription: 3.68
HNI subscription: 0.34
RII subscription: 0.38
CMP (BSE): 
Current Gains: "
Sea TV Network,14-10-10,"IPO Name: Sea TV Network
Date Opened: 14-10-10
Issue Size (crores): 
Offer Price: 
List Price: 
Listing Gain: 
QIB subscription: 1.66
HNI subscription: 40.94
RII subscription: 7.45
CMP (BSE): 
Current Gains: "
Ashoka Buildcon,14-10-10,"IPO Name: Ashoka Buildcon
Date Opened: 14-10-10
Issue Size (crores): 
Offer Price: 
List Price: 
Listing Gain: 
QIB subscription: 25.52
HNI subscription: 13.91
RII subscription: 3.46
CMP (BSE): 
Current Gains: "
Bedmutha Ind,14-10-10,"IPO Name: Bedmutha Ind
Date Opened: 14-10-10
Issue Size (crores): 
Offer Price: 
List Price: 
Listing Gain: 
QIB subscription: 0.67
HNI subscription: 29.19
RII subscription: 8.51
CMP (BSE): 
Current Gains: "
Va Tech Wabag,13-10-10,"IPO Name: Va Tech Wabag
Date Opened: 13-10-10
Issue Size (crores): 
Offer Price: 
List Price: 
Listing Gain: 
QIB subscription: 36.13
HNI subscription: 100.98
RII subscription: 8.55
CMP (BSE): 
Current Gains: "
Cantabil Retail,12-10-10,"IPO Name: Cantabil Retail
Date Opened: 12-10-10
Issue Size (crores): 
Offer Price: 
List Price: 
Listing Gain: 
QIB subscription: 1.71
HNI subscription: 3.83
RII subscription: 2.63
CMP (BSE): 
Current Gains: "
Tecpro Systems,12-10-10,"IPO Name: Tecpro Systems
Date Opened: 12-10-10
Issue Size (crores): 
Offer Price: 
List Price: 
Listing Gain: 
QIB subscription: 27.99
HNI subscription: 62.48
RII subscription: 9.07
CMP (BSE): 
Current Gains: "
Electrosteel St,08-10-10,"IPO Name: Electrosteel St
Date Opened: 08-10-10
Issue Size (crores): 
Offer Price: 
List Price: 
Listing Gain: 
QIB subscription: 5.86
HNI subscription: 28.58
RII subscription: 6.19
CMP (BSE): 
Current Gains: "
Orient Green,08-10-10,"IPO Name: Orient Green
Date Opened: 08-10-10
Issue Size (crores): 
Offer Price: 
List Price: 
Listing Gain: 
QIB subscription: 2.09
HNI subscription: 0.64
RII subscription: 0.18
CMP (BSE): 
Current Gains: "
Ramky Infra,08-10-10,"IPO Name: Ramky Infra
Date Opened: 08-10-10
Issue Size (crores): 
Offer Price: 
List Price: 
Listing Gain: 
QIB subscription: 4.52
HNI subscription: 1.45
RII subscription: 0.99
CMP (BSE): 
Current Gains: "
Career Point,06-10-10,"IPO Name: Career Point
Date Opened: 06-10-10
Issue Size (crores): 
Offer Price: 
List Price: 
Listing Gain: 
QIB subscription: 47.45
HNI subscription: 101.93
RII subscription: 31.74
CMP (BSE): 
Current Gains: "
Eros Intl,06-10-10,"IPO Name: Eros Intl
Date Opened: 06-10-10
Issue Size (crores): 
Offer Price: 
List Price: 
Listing Gain: 
QIB subscription: 25.79
HNI subscription: 73.4
RII subscription: 11.95
CMP (BSE): 
Current Gains: "
Sasta Sundar,05-10-10,"IPO Name: Sasta Sundar
Date Opened: 05-10-10
Issue Size (crores): 
Offer Price: 
List Price: 
Listing Gain: 
QIB subscription: 5.91
HNI subscription: 35.88
RII subscription: 11.04
CMP (BSE): 
Current Gains: "
Tirupati Inks,01-10-10,"IPO Name: Tirupati Inks
Date Opened: 01-10-10
Issue Size (crores): 
Offer Price: 
List Price: 
Listing Gain: 
QIB subscription: 1.78
HNI subscription: 23.18
RII subscription: 12.59
CMP (BSE): 
Current Gains: "
Indosolar,29-09-10,"IPO Name: Indosolar
Date Opened: 29-09-10
Issue Size (crores): 
Offer Price: 
List Price: 
Listing Gain: 
QIB subscription: 1.44
HNI subscription: 1.3
RII subscription: 1.81
CMP (BSE): 
Current Gains: "
Gujarat Pipavav,09-09-10,"IPO Name: Gujarat Pipavav
Date Opened: 09-09-10
Issue Size (crores): 
Offer Price: 
List Price: 
Listing Gain: 
QIB subscription: 13.2
HNI subscription: 85.7
RII subscription: 9.15
CMP (BSE): 
Current Gains: "
Prakash Steelag,25-08-10,"IPO Name: Prakash Steelag
Date Opened: 25-08-10
Issue Size (crores): 
Offer Price: 
List Price: 
Listing Gain: 
QIB subscription: 1.27
HNI subscription: 10.91
RII subscription: 6.62
CMP (BSE): 
Current Gains: "
Bajaj Consumer ,18-08-10,"IPO Name: Bajaj Consumer 
Date Opened: 18-08-10
Issue Size (crores): 
Offer Price: 
List Price: 
Listing Gain: 
QIB subscription: 20.19
HNI subscription: 53.49
RII subscription: 6.62
CMP (BSE): 
Current Gains: "
Bharat Fin,16-08-10,"IPO Name: Bharat Fin
Date Opened: 16-08-10
Issue Size (crores): 
Offer Price: 
List Price: 
Listing Gain: 
QIB subscription: 20.38
HNI subscription: 18.26
RII subscription: 2.81
CMP (BSE): 
Current Gains: "
Shri Aster,28-07-10,"IPO Name: Shri Aster
Date Opened: 28-07-10
Issue Size (crores): 
Offer Price: 
List Price: 
Listing Gain: 
QIB subscription: 0.01
HNI subscription: 12.46
RII subscription: 7.41
CMP (BSE): 
Current Gains: "
Hindustan Media,21-07-10,"IPO Name: Hindustan Media
Date Opened: 21-07-10
Issue Size (crores): 
Offer Price: 
List Price: 
Listing Gain: 
QIB subscription: 8.98
HNI subscription: 3.39
RII subscription: 1.0
CMP (BSE): 
Current Gains: "
Technofab Engg,16-07-10,"IPO Name: Technofab Engg
Date Opened: 16-07-10
Issue Size (crores): 
Offer Price: 
List Price: 
Listing Gain: 
QIB subscription: 4.28
HNI subscription: 48.85
RII subscription: 10.03
CMP (BSE): 
Current Gains: "
Parabolic Drugs,01-07-10,"IPO Name: Parabolic Drugs
Date Opened: 01-07-10
Issue Size (crores): 
Offer Price: 
List Price: 
Listing Gain: 
QIB subscription: 1.48
HNI subscription: 1.2
RII subscription: 0.4
CMP (BSE): 
Current Gains: "
Jaypee Infra,21-05-10,"IPO Name: Jaypee Infra
Date Opened: 21-05-10
Issue Size (crores): 
Offer Price: 
List Price: 
Listing Gain: 
QIB subscription: 1.77
HNI subscription: 1.15
RII subscription: 0.61
CMP (BSE): 
Current Gains: "
SJVN,20-05-10,"IPO Name: SJVN
Date Opened: 20-05-10
Issue Size (crores): 
Offer Price: 
List Price: 
Listing Gain: 
QIB subscription: 9.03
HNI subscription: 3.39
RII subscription: 3.12
CMP (BSE): 
Current Gains: "
GB Global,19-05-10,"IPO Name: GB Global
Date Opened: 19-05-10
Issue Size (crores): 
Offer Price: 
List Price: 
Listing Gain: 
QIB subscription: 7.97
HNI subscription: 10.52
RII subscription: 2.81
CMP (BSE): 
Current Gains: "
Tarapur Trans,18-05-10,"IPO Name: Tarapur Trans
Date Opened: 18-05-10
Issue Size (crores): 
Offer Price: 
List Price: 
Listing Gain: 
QIB subscription: 0.03
HNI subscription: 5.08
RII subscription: 2.74
CMP (BSE): 
Current Gains: "
NEL HOLDINGS SO,13-05-10,"IPO Name: NEL HOLDINGS SO
Date Opened: 13-05-10
Issue Size (crores): 
Offer Price: 
List Price: 
Listing Gain: 
QIB subscription: 2.54
HNI subscription: 0.22
RII subscription: 0.16
CMP (BSE): 
Current Gains: "
Talwalkars Fitn,10-05-10,"IPO Name: Talwalkars Fitn
Date Opened: 10-05-10
Issue Size (crores): 
Offer Price: 
List Price: 
Listing Gain: 
QIB subscription: 35.43
HNI subscription: 51.48
RII subscription: 8.43
CMP (BSE): 
Current Gains: "
Goenka Diamond,16-04-10,"IPO Name: Goenka Diamond
Date Opened: 16-04-10
Issue Size (crores): 
Offer Price: 
List Price: 
Listing Gain: 
QIB subscription: 0.78
HNI subscription: 2.99
RII subscription: 0.66
CMP (BSE): 
Current Gains: "
Intrasoft Tech,12-04-10,"IPO Name: Intrasoft Tech
Date Opened: 12-04-10
Issue Size (crores): 
Offer Price: 
List Price: 
Listing Gain: 
QIB subscription: 21.97
HNI subscription: 21.6
RII subscription: 13.51
CMP (BSE): 
Current Gains: "
Shree Ganesh,09-04-10,"IPO Name: Shree Ganesh
Date Opened: 09-04-10
Issue Size (crores): 
Offer Price: 
List Price: 
Listing Gain: 
QIB subscription: 1.38
HNI subscription: 6.13
RII subscription: 1.39
CMP (BSE): 
Current Gains: "
Persistent,06-04-10,"IPO Name: Persistent
Date Opened: 06-04-10
Issue Size (crores): 
Offer Price: 
List Price: 
Listing Gain: 
QIB subscription: 144.43
HNI subscription: 107.73
RII subscription: 21.69
CMP (BSE): 
Current Gains: "
Pradip Overseas,05-04-10,"IPO Name: Pradip Overseas
Date Opened: 05-04-10
Issue Size (crores): 
Offer Price: 
List Price: 
Listing Gain: 
QIB subscription: 8.57
HNI subscription: 45.35
RII subscription: 10.53
CMP (BSE): 
Current Gains: "
ILandFS Trans,30-03-10,"IPO Name: ILandFS Trans
Date Opened: 30-03-10
Issue Size (crores): 
Offer Price: 
List Price: 
Listing Gain: 
QIB subscription: 52.61
HNI subscription: 39.39
RII subscription: 4.56
CMP (BSE): 
Current Gains: "
DQ Entertain,29-03-10,"IPO Name: DQ Entertain
Date Opened: 29-03-10
Issue Size (crores): 
Offer Price: 
List Price: 
Listing Gain: 
QIB subscription: 93.86
HNI subscription: 272.88
RII subscription: 19.45
CMP (BSE): 
Current Gains: "
United Bank,18-03-10,"IPO Name: United Bank
Date Opened: 18-03-10
Issue Size (crores): 
Offer Price: 
List Price: 
Listing Gain: 
QIB subscription: 47.08
HNI subscription: 39.15
RII subscription: 9.8
CMP (BSE): 
Current Gains: "
Man Infra,11-03-10,"IPO Name: Man Infra
Date Opened: 11-03-10
Issue Size (crores): 
Offer Price: 
List Price: 
Listing Gain: 
QIB subscription: 96.06
HNI subscription: 104.57
RII subscription: 10.26
CMP (BSE): 
Current Gains: "
Texmo Pipes,10-03-10,"IPO Name: Texmo Pipes
Date Opened: 10-03-10
Issue Size (crores): 
Offer Price: 
List Price: 
Listing Gain: 
QIB subscription: 1.02
HNI subscription: 30.5
RII subscription: 7.26
CMP (BSE): 
Current Gains: "
ARSS Infra,03-03-10,"IPO Name: ARSS Infra
Date Opened: 03-03-10
Issue Size (crores): 
Offer Price: 
List Price: 
Listing Gain: 
QIB subscription: 49.34
HNI subscription: 124.53
RII subscription: 18.55
CMP (BSE): 
Current Gains: "
Hathway Cable,25-02-10,"IPO Name: Hathway Cable
Date Opened: 25-02-10
Issue Size (crores): 
Offer Price: 
List Price: 
Listing Gain: 
QIB subscription: 1.43
HNI subscription: 4.29
RII subscription: 0.28
CMP (BSE): 
Current Gains: "
DB Realty,24-02-10,"IPO Name: DB Realty
Date Opened: 24-02-10
Issue Size (crores): 
Offer Price: 
List Price: 
Listing Gain: 
QIB subscription: 1.35
HNI subscription: 1.21
RII subscription: 0.01
CMP (BSE): 
Current Gains: "
Emmbi Ind,24-02-10,"IPO Name: Emmbi Ind
Date Opened: 24-02-10
Issue Size (crores): 
Offer Price: 
List Price: 
Listing Gain: 
QIB subscription: 0.43
HNI subscription: 5.55
RII subscription: 0.46
CMP (BSE): 
Current Gains: "
Aqua Logistics,23-02-10,"IPO Name: Aqua Logistics
Date Opened: 23-02-10
Issue Size (crores): 
Offer Price: 
List Price: 
Listing Gain: 
QIB subscription: 0.26
HNI subscription: 5.07
RII subscription: 3.0
CMP (BSE): 
Current Gains: "
Thangamayil,19-02-10,"IPO Name: Thangamayil
Date Opened: 19-02-10
Issue Size (crores): 
Offer Price: 
List Price: 
Listing Gain: 
QIB subscription: 0.52
HNI subscription: 1.52
RII subscription: 2.26
CMP (BSE): 
Current Gains: "
Syncom Health,15-02-10,"IPO Name: Syncom Health
Date Opened: 15-02-10
Issue Size (crores): 
Offer Price: 
List Price: 
Listing Gain: 
QIB subscription: 0.99
HNI subscription: 16.6
RII subscription: 6.25
CMP (BSE): 
Current Gains: "
Vascon Engineer,15-02-10,"IPO Name: Vascon Engineer
Date Opened: 15-02-10
Issue Size (crores): 
Offer Price: 
List Price: 
Listing Gain: 
QIB subscription: 1.12
HNI subscription: 3.65
RII subscription: 0.62
CMP (BSE): 
Current Gains: "
Jubilant Food,08-02-10,"IPO Name: Jubilant Food
Date Opened: 08-02-10
Issue Size (crores): 
Offer Price: 
List Price: 
Listing Gain: 
QIB subscription: 59.39
HNI subscription: 51.95
RII subscription: 3.79
CMP (BSE): 
Current Gains: "
Infinite Comp,03-02-10,"IPO Name: Infinite Comp
Date Opened: 03-02-10
Issue Size (crores): 
Offer Price: 
List Price: 
Listing Gain: 
QIB subscription: 48.44
HNI subscription: 106.02
RII subscription: 11.08
CMP (BSE): 
Current Gains: "
